{
  "mnt-reform-motherboard": {
    "score": 0.5782111522745904,
    "self_mrr": 0.713685253790984,
    "cascade_recall": 0.375,
    "n_scenarios": 2,
    "run_date": "2026-04-24"
  }
}